Date,Impressions,Installations,Uninstallations,Total Current Users,"Data From June 12, 2013 To October 31, 2018.
Uninstallation data is only available after April 25, 2016"
2013-06-12,14,3,,3,
2013-06-13,405,1,,3,
2013-06-14,895,2,,6,
2013-06-15,957,1,,6,
2013-06-16,450,2,,8,
2013-06-17,663,0,,9,
2013-06-18,521,2,,11,
2013-06-19,304,1,,12,
2013-06-20,234,1,,13,
2013-06-21,760,0,,13,
2013-06-22,720,0,,14,
2013-06-23,658,1,,13,
2013-06-24,614,2,,15,
2013-06-25,546,0,,13,
2013-06-26,466,1,,14,
2013-06-27,186,2,,14,
2013-06-28,189,2,,16,
2013-06-29,186,0,,16,
2013-06-30,179,0,,16,
2013-07-01,249,0,,16,
2013-07-02,347,0,,16,
2013-07-03,378,2,,18,
2013-07-04,351,2,,18,
2013-07-05,352,1,,18,
2013-07-06,326,0,,19,
2013-07-07,290,0,,20,
2013-07-08,265,0,,20,
2013-07-09,319,1,,19,
2013-07-10,292,0,,19,
2013-07-11,330,2,,22,
2013-07-12,314,1,,24,
2013-07-13,353,2,,26,
2013-07-14,335,0,,25,
2013-07-15,353,1,,26,
2013-07-16,313,1,,27,
2013-07-17,359,0,,28,
2013-07-18,326,2,,31,
2013-07-19,299,1,,31,
2013-07-20,344,0,,31,
2013-07-21,359,0,,30,
2013-07-22,341,0,,30,
2013-07-23,354,2,,32,
2013-07-24,371,1,,35,
2013-07-25,377,1,,36,
2013-07-26,361,0,,37,
2013-07-27,361,0,,37,
2013-07-28,370,0,,37,
2013-07-29,356,2,,38,
2013-07-30,329,0,,38,
2013-07-31,379,2,,38,
2013-08-01,349,2,,40,
2013-08-02,356,1,,41,
2013-08-03,308,0,,43,
2013-08-04,352,2,,43,
2013-08-05,322,1,,42,
2013-08-06,344,1,,41,
2013-08-07,323,0,,41,
2013-08-08,312,0,,43,
2013-08-09,381,0,,42,
2013-08-10,415,1,,41,
2013-08-11,397,1,,43,
2013-08-12,363,0,,39,
2013-08-13,364,0,,39,
2013-08-14,458,1,,40,
2013-08-15,389,0,,40,
2013-08-16,393,1,,41,
2013-08-17,456,0,,39,
2013-08-18,411,0,,39,
2013-08-19,361,0,,39,
2013-08-20,394,1,,39,
2013-08-21,452,1,,38,
2013-08-22,418,1,,39,
2013-08-23,400,0,,39,
2013-08-24,369,4,,42,
2013-08-25,394,1,,45,
2013-08-26,362,1,,45,
2013-08-27,356,1,,48,
2013-08-28,378,0,,51,
2013-08-29,341,0,,51,
2013-08-30,397,1,,50,
2013-08-31,345,0,,50,
2013-09-01,358,1,,47,
2013-09-02,308,0,,47,
2013-09-03,378,0,,45,
2013-09-04,334,2,,45,
2013-09-05,386,1,,48,
2013-09-06,401,0,,50,
2013-09-07,433,2,,50,
2013-09-08,402,1,,54,
2013-09-09,392,1,,57,
2013-09-10,416,0,,56,
2013-09-11,390,1,,55,
2013-09-12,423,0,,55,
2013-09-13,397,0,,55,
2013-09-14,388,0,,56,
2013-09-15,481,2,,55,
2013-09-16,423,1,,55,
2013-09-17,378,2,,58,
2013-09-18,396,0,,58,
2013-09-19,429,2,,57,
2013-09-20,403,0,,57,
2013-09-21,436,1,,57,
2013-09-22,426,0,,58,
2013-09-23,409,0,,57,
2013-09-24,419,1,,59,
2013-09-25,485,1,,58,
2013-09-26,460,1,,57,
2013-09-27,470,1,,57,
2013-09-28,427,0,,57,
2013-09-29,462,0,,58,
2013-09-30,408,0,,54,
2013-10-01,423,1,,55,
2013-10-02,407,1,,55,
2013-10-03,408,0,,56,
2013-10-04,447,1,,55,
2013-10-05,399,0,,55,
2013-10-06,449,2,,55,
2013-10-07,343,1,,57,
2013-10-08,412,0,,59,
2013-10-09,433,0,,59,
2013-10-10,465,1,,61,
2013-10-11,528,0,,63,
2013-10-12,569,0,,61,
2013-10-13,454,2,,60,
2013-10-14,551,0,,61,
2013-10-15,757,1,,58,
2013-10-16,825,0,,58,
2013-10-17,796,0,,57,
2013-10-18,735,0,,58,
2013-10-19,782,1,,64,
2013-10-20,733,1,,60,
2013-10-21,724,1,,63,
2013-10-22,726,0,,63,
2013-10-23,688,1,,64,
2013-10-24,701,1,,62,
2013-10-25,610,1,,62,
2013-10-26,704,2,,64,
2013-10-27,637,2,,65,
2013-10-28,608,2,,68,
2013-10-29,620,1,,65,
2013-10-30,639,1,,66,
2013-10-31,607,0,,67,
2013-11-01,665,2,,69,
2013-11-02,645,0,,69,
2013-11-03,689,1,,65,
2013-11-04,639,0,,63,
2013-11-05,653,0,,62,
2013-11-06,0,0,,65,
2013-11-07,594,0,,66,
2013-11-08,596,0,,63,
2013-11-09,688,0,,67,
2013-11-10,585,0,,60,
2013-11-11,610,1,,62,
2013-11-12,588,1,,60,
2013-11-13,539,0,,63,
2013-11-14,631,0,,60,
2013-11-15,609,1,,62,
2013-11-16,632,1,,63,
2013-11-17,598,0,,65,
2013-11-18,558,1,,66,
2013-11-19,616,1,,66,
2013-11-20,576,0,,65,
2013-11-21,524,0,,68,
2013-11-22,545,0,,69,
2013-11-23,507,0,,65,
2013-11-24,530,0,,64,
2013-11-25,424,2,,67,
2013-11-26,376,0,,66,
2013-11-27,394,1,,66,
2013-11-28,380,0,,66,
2013-11-29,383,0,,65,
2013-11-30,421,1,,66,
2013-12-01,424,0,,63,
2013-12-02,408,0,,61,
2013-12-03,361,0,,63,
2013-12-04,326,0,,65,
2013-12-05,337,0,,66,
2013-12-06,384,1,,67,
2013-12-07,408,0,,68,
2013-12-08,402,1,,73,
2013-12-09,398,0,,68,
2013-12-10,407,0,,69,
2013-12-11,382,0,,70,
2013-12-12,461,0,,69,
2013-12-13,503,0,,66,
2013-12-14,523,1,,68,
2013-12-15,470,1,,67,
2013-12-16,431,1,,69,
2013-12-17,401,1,,68,
2013-12-18,374,1,,65,
2013-12-19,337,1,,64,
2013-12-20,332,0,,66,
2013-12-21,337,0,,67,
2013-12-22,309,0,,63,
2013-12-23,331,0,,62,
2013-12-24,298,0,,62,
2013-12-25,319,0,,62,
2013-12-26,361,0,,64,
2013-12-27,332,0,,62,
2013-12-28,335,0,,64,
2013-12-29,362,0,,61,
2013-12-30,341,0,,63,
2013-12-31,285,1,,63,
2014-01-01,327,0,,63,
2014-01-02,368,1,,64,
2014-01-03,375,0,,67,
2014-01-04,357,0,,70,
2014-01-05,344,0,,66,
2014-01-06,340,0,,66,
2014-01-07,377,0,,65,
2014-01-08,349,1,,64,
2014-01-09,341,0,,63,
2014-01-10,396,0,,62,
2014-01-11,349,2,,64,
2014-01-12,376,1,,66,
2014-01-13,325,0,,66,
2014-01-14,348,0,,64,
2014-01-15,366,0,,60,
2014-01-16,312,0,,60,
2014-01-17,439,0,,62,
2014-01-18,410,1,,62,
2014-01-19,406,1,,63,
2014-01-20,389,1,,65,
2014-01-21,399,0,,62,
2014-01-22,368,0,,65,
2014-01-23,327,0,,70,
2014-01-24,357,0,,67,
2014-01-25,416,0,,68,
2014-01-26,392,0,,67,
2014-01-27,380,0,,64,
2014-01-28,392,0,,64,
2014-01-29,412,0,,60,
2014-01-30,313,0,,62,
2014-01-31,315,1,,62,
2014-02-01,347,0,,66,
2014-02-02,348,0,,65,
2014-02-03,313,0,,66,
2014-02-04,336,0,,65,
2014-02-05,303,0,,61,
2014-02-06,299,0,,57,
2014-02-07,306,0,,59,
2014-02-08,303,1,,60,
2014-02-09,311,0,,61,
2014-02-10,270,0,,62,
2014-02-11,320,0,,60,
2014-02-12,267,0,,60,
2014-02-13,293,0,,59,
2014-02-14,298,0,,59,
2014-02-15,305,1,,59,
2014-02-16,322,0,,61,
2014-02-17,287,0,,58,
2014-02-18,278,0,,61,
2014-02-19,272,0,,61,
2014-02-20,257,0,,62,
2014-02-21,315,1,,64,
2014-02-22,359,0,,61,
2014-02-23,411,1,,61,
2014-02-24,305,0,,61,
2014-02-25,305,0,,59,
2014-02-26,289,0,,58,
2014-02-27,283,1,,58,
2014-02-28,283,2,,60,
2014-03-01,375,0,,64,
2014-03-02,357,1,,62,
2014-03-03,339,1,,64,
2014-03-04,272,0,,64,
2014-03-05,305,0,,61,
2014-03-06,270,0,,62,
2014-03-07,274,0,,66,
2014-03-08,270,0,,62,
2014-03-09,249,0,,61,
2014-03-10,267,0,,61,
2014-03-11,282,1,,63,
2014-03-12,273,0,,58,
2014-03-13,293,1,,59,
2014-03-14,266,0,,60,
2014-03-15,258,1,,59,
2014-03-16,278,0,,60,
2014-03-17,250,0,,63,
2014-03-18,257,1,,63,
2014-03-19,240,0,,64,
2014-03-20,252,1,,69,
2014-03-21,225,1,,69,
2014-03-22,261,1,,69,
2014-03-23,270,0,,69,
2014-03-24,233,0,,65,
2014-03-25,252,0,,64,
2014-03-26,241,0,,65,
2014-03-27,213,1,,67,
2014-03-28,212,0,,67,
2014-03-29,273,0,,66,
2014-03-30,238,0,,67,
2014-03-31,221,0,,66,
2014-04-01,208,0,,69,
2014-04-02,196,1,,71,
2014-04-03,242,0,,73,
2014-04-04,260,0,,73,
2014-04-05,261,0,,71,
2014-04-06,242,0,,70,
2014-04-07,231,0,,68,
2014-04-08,229,0,,66,
2014-04-09,231,1,,66,
2014-04-10,249,0,,64,
2014-04-11,249,0,,60,
2014-04-12,246,0,,61,
2014-04-13,241,0,,60,
2014-04-14,243,1,,64,
2014-04-15,322,0,,62,
2014-04-16,273,0,,64,
2014-04-17,331,0,,63,
2014-04-18,328,0,,63,
2014-04-19,299,0,,63,
2014-04-20,273,0,,62,
2014-04-21,291,0,,62,
2014-04-22,286,2,,59,
2014-04-23,250,0,,65,
2014-04-24,280,1,,71,
2014-04-25,300,0,,71,
2014-04-26,288,0,,73,
2014-04-27,258,1,,72,
2014-04-28,284,1,,77,
2014-04-29,281,1,,79,
2014-04-30,321,0,,78,
2014-05-01,299,1,,77,
2014-05-02,272,1,,73,
2014-05-03,285,1,,74,
2014-05-04,261,0,,71,
2014-05-05,307,0,,71,
2014-05-06,268,2,,74,
2014-05-07,250,0,,75,
2014-05-08,200,0,,73,
2014-05-09,180,0,,70,
2014-05-10,175,0,,71,
2014-05-11,133,0,,67,
2014-05-12,169,0,,68,
2014-05-13,135,0,,73,
2014-05-14,116,0,,75,
2014-05-15,119,0,,80,
2014-05-16,102,0,,83,
2014-05-17,106,0,,80,
2014-05-18,117,1,,78,
2014-05-19,113,0,,74,
2014-05-20,115,0,,73,
2014-05-21,130,0,,68,
2014-05-22,0,0,,71,
2014-05-23,0,0,,73,
2014-05-24,0,0,,72,
2014-05-25,0,1,,74,
2014-05-26,0,0,,73,
2014-05-27,0,0,,75,
2014-05-28,0,0,,76,
2014-05-29,75,0,,71,
2014-05-30,207,2,,71,
2014-05-31,215,0,,71,
2014-06-01,211,1,,69,
2014-06-02,204,2,,74,
2014-06-03,208,2,,75,
2014-06-04,202,1,,76,
2014-06-05,218,0,,82,
2014-06-06,213,2,,77,
2014-06-07,183,0,,79,
2014-06-08,198,0,,81,
2014-06-09,197,3,,84,
2014-06-10,240,0,,84,
2014-06-11,214,0,,86,
2014-06-12,213,0,,90,
2014-06-13,245,0,,88,
2014-06-14,247,0,,82,
2014-06-15,232,1,,79,
2014-06-16,205,0,,82,
2014-06-17,192,1,,80,
2014-06-18,209,0,,79,
2014-06-19,209,0,,78,
2014-06-20,204,0,,77,
2014-06-21,179,1,,73,
2014-06-22,194,0,,76,
2014-06-23,172,0,,78,
2014-06-24,182,2,,81,
2014-06-25,216,0,,76,
2014-06-26,258,0,,75,
2014-06-27,259,1,,77,
2014-06-28,239,0,,76,
2014-06-29,226,0,,74,
2014-06-30,224,0,,71,
2014-07-01,212,1,,68,
2014-07-02,200,0,,71,
2014-07-03,238,2,,71,
2014-07-04,218,1,,73,
2014-07-05,242,1,,68,
2014-07-06,229,2,,70,
2014-07-07,206,0,,69,
2014-07-08,229,0,,72,
2014-07-09,206,0,,71,
2014-07-10,255,0,,74,
2014-07-11,236,1,,73,
2014-07-12,233,0,,74,
2014-07-13,234,0,,75,
2014-07-14,228,1,,75,
2014-07-15,199,0,,75,
2014-07-16,200,0,,74,
2014-07-17,223,0,,76,
2014-07-18,221,1,,75,
2014-07-19,235,0,,78,
2014-07-20,248,1,,74,
2014-07-21,258,0,,72,
2014-07-22,248,0,,73,
2014-07-23,278,0,,74,
2014-07-24,250,1,,75,
2014-07-25,248,0,,78,
2014-07-26,249,0,,79,
2014-07-27,252,0,,74,
2014-07-28,274,1,,74,
2014-07-29,258,0,,76,
2014-07-30,261,1,,76,
2014-07-31,241,0,,78,
2014-08-01,243,1,,75,
2014-08-02,223,1,,78,
2014-08-03,241,0,,74,
2014-08-04,229,0,,74,
2014-08-05,231,0,,70,
2014-08-06,230,0,,73,
2014-08-07,242,0,,71,
2014-08-08,243,0,,73,
2014-08-09,230,0,,71,
2014-08-10,233,1,,75,
2014-08-11,243,1,,73,
2014-08-12,234,1,,75,
2014-08-13,232,0,,73,
2014-08-14,228,0,,73,
2014-08-15,222,0,,74,
2014-08-16,230,0,,72,
2014-08-17,243,0,,73,
2014-08-18,232,1,,72,
2014-08-19,231,0,,72,
2014-08-20,243,0,,71,
2014-08-21,237,0,,74,
2014-08-22,256,0,,74,
2014-08-23,253,1,,74,
2014-08-24,216,0,,70,
2014-08-25,200,0,,74,
2014-08-26,243,1,,78,
2014-08-27,248,0,,78,
2014-08-28,289,0,,81,
2014-08-29,237,0,,83,
2014-08-30,246,0,,85,
2014-08-31,256,1,,84,
2014-09-01,249,0,,81,
2014-09-02,231,0,,78,
2014-09-03,233,0,,75,
2014-09-04,217,0,,71,
2014-09-05,223,0,,73,
2014-09-06,230,0,,72,
2014-09-07,239,2,,76,
2014-09-08,226,1,,79,
2014-09-09,223,1,,80,
2014-09-10,241,0,,82,
2014-09-11,238,0,,83,
2014-09-12,271,0,,71,
2014-09-13,254,0,,73,
2014-09-14,253,0,,71,
2014-09-15,209,0,,74,
2014-09-16,194,0,,82,
2014-09-17,187,0,,81,
2014-09-18,231,0,,84,
2014-09-19,240,0,,82,
2014-09-20,269,0,,86,
2014-09-21,246,0,,84,
2014-09-22,194,1,,86,
2014-09-23,221,0,,88,
2014-09-24,233,1,,88,
2014-09-25,207,1,,89,
2014-09-26,243,0,,82,
2014-09-27,227,1,,80,
2014-09-28,227,1,,87,
2014-09-29,217,1,,83,
2014-09-30,226,0,,89,
2014-10-01,206,1,,90,
2014-10-02,220,0,,93,
2014-10-03,216,1,,87,
2014-10-04,259,1,,84,
2014-10-05,249,1,,83,
2014-10-06,238,0,,82,
2014-10-07,219,1,,83,
2014-10-08,239,0,,83,
2014-10-09,262,0,,87,
2014-10-10,247,1,,85,
2014-10-11,231,1,,84,
2014-10-12,233,0,,86,
2014-10-13,217,0,,82,
2014-10-14,205,0,,82,
2014-10-15,202,1,,82,
2014-10-16,219,0,,83,
2014-10-17,216,0,,78,
2014-10-18,181,0,,76,
2014-10-19,230,1,,76,
2014-10-20,206,0,,75,
2014-10-21,192,2,,79,
2014-10-22,196,1,,80,
2014-10-23,201,0,,79,
2014-10-24,189,0,,78,
2014-10-25,212,0,,84,
2014-10-26,204,0,,80,
2014-10-27,190,1,,84,
2014-10-28,184,1,,82,
2014-10-29,203,0,,83,
2014-10-30,197,1,,85,
2014-10-31,203,0,,85,
2014-11-01,227,0,,85,
2014-11-02,244,1,,91,
2014-11-03,192,0,,83,
2014-11-04,235,1,,86,
2014-11-05,213,1,,86,
2014-11-06,205,0,,85,
2014-11-07,207,1,,90,
2014-11-08,213,0,,88,
2014-11-09,232,0,,84,
2014-11-10,231,0,,84,
2014-11-11,238,2,,85,
2014-11-12,213,0,,79,
2014-11-13,232,0,,78,
2014-11-14,253,0,,80,
2014-11-15,218,0,,83,
2014-11-16,210,0,,81,
2014-11-17,223,0,,77,
2014-11-18,193,1,,75,
2014-11-19,234,1,,77,
2014-11-20,235,0,,73,
2014-11-21,257,0,,71,
2014-11-22,311,1,,76,
2014-11-23,282,1,,78,
2014-11-24,269,0,,76,
2014-11-25,257,0,,77,
2014-11-26,225,0,,76,
2014-11-27,225,0,,76,
2014-11-28,233,1,,78,
2014-11-29,259,0,,74,
2014-11-30,302,0,,69,
2014-12-01,217,0,,72,
2014-12-02,240,0,,79,
2014-12-03,224,1,,81,
2014-12-04,212,0,,81,
2014-12-05,228,1,,82,
2014-12-06,236,0,,83,
2014-12-07,218,0,,81,
2014-12-08,226,0,,80,
2014-12-09,202,0,,77,
2014-12-10,207,1,,78,
2014-12-11,238,2,,76,
2014-12-12,209,1,,74,
2014-12-13,223,0,,79,
2014-12-14,217,3,,80,
2014-12-15,189,0,,78,
2014-12-16,185,1,,76,
2014-12-17,213,1,,74,
2014-12-18,198,0,,73,
2014-12-19,200,0,,76,
2014-12-20,198,2,,76,
2014-12-21,237,1,,75,
2014-12-22,174,1,,77,
2014-12-23,192,0,,78,
2014-12-24,181,1,,81,
2014-12-25,170,0,,81,
2014-12-26,192,0,,88,
2014-12-27,213,0,,85,
2014-12-28,248,1,,87,
2014-12-29,199,0,,87,
2014-12-30,220,0,,86,
2014-12-31,190,1,,84,
2015-01-01,176,0,,83,
2015-01-02,227,2,,79,
2015-01-03,214,1,,76,
2015-01-04,226,0,,86,
2015-01-05,207,0,,83,
2015-01-06,177,0,,85,
2015-01-07,163,0,,91,
2015-01-08,177,1,,90,
2015-01-09,0,2,,94,
2015-01-10,220,0,,92,
2015-01-11,222,1,,90,
2015-01-12,201,0,,93,
2015-01-13,242,2,,95,
2015-01-14,217,0,,93,
2015-01-15,231,0,,92,
2015-01-16,217,0,,94,
2015-01-17,244,4,,99,
2015-01-18,197,0,,105,
2015-01-19,201,2,,102,
2015-01-20,205,0,,102,
2015-01-21,209,0,,99,
2015-01-22,224,1,,97,
2015-01-23,215,2,,99,
2015-01-24,280,1,,99,
2015-01-25,234,0,,100,
2015-01-26,213,1,,101,
2015-01-27,252,1,,98,
2015-01-28,225,1,,103,
2015-01-29,249,0,,100,
2015-01-30,248,1,,101,
2015-01-31,245,1,,99,
2015-02-01,237,2,,100,
2015-02-02,217,2,,99,
2015-02-03,256,1,,100,
2015-02-04,232,1,,100,
2015-02-05,256,0,,98,
2015-02-06,266,1,,101,
2015-02-07,197,0,,102,
2015-02-08,272,0,,102,
2015-02-09,241,1,,105,
2015-02-10,240,3,,110,
2015-02-11,248,0,,108,
2015-02-12,268,0,,114,
2015-02-13,246,2,,112,
2015-02-14,233,1,,112,
2015-02-15,236,3,,109,
2015-02-16,231,0,,111,
2015-02-17,245,0,,113,
2015-02-18,252,1,,113,
2015-02-19,214,0,,110,
2015-02-20,253,0,,107,
2015-02-21,239,1,,107,
2015-02-22,268,1,,106,
2015-02-23,233,1,,112,
2015-02-24,267,1,,114,
2015-02-25,229,2,,118,
2015-02-26,230,3,,124,
2015-02-27,221,2,,120,
2015-02-28,220,0,,121,
2015-03-01,234,2,,122,
2015-03-02,231,0,,118,
2015-03-03,213,0,,120,
2015-03-04,257,0,,121,
2015-03-05,245,0,,119,
2015-03-06,0,1,,112,
2015-03-07,248,1,,109,
2015-03-08,242,3,,116,
2015-03-09,217,0,,116,
2015-03-10,220,0,,111,
2015-03-11,201,2,,111,
2015-03-12,208,0,,111,
2015-03-13,223,3,,116,
2015-03-14,237,1,,118,
2015-03-15,254,0,,116,
2015-03-16,229,0,,119,
2015-03-17,236,0,,120,
2015-03-18,205,1,,118,
2015-03-19,240,3,,121,
2015-03-20,228,0,,120,
2015-03-21,240,1,,120,
2015-03-22,238,0,,122,
2015-03-23,232,2,,121,
2015-03-24,247,1,,117,
2015-03-25,232,1,,121,
2015-03-26,226,1,,119,
2015-03-27,234,1,,120,
2015-03-28,256,0,,118,
2015-03-29,245,0,,115,
2015-03-30,217,1,,112,
2015-03-31,197,0,,114,
2015-04-01,237,1,,116,
2015-04-02,227,0,,119,
2015-04-03,231,3,,117,
2015-04-04,227,1,,118,
2015-04-05,243,0,,115,
2015-04-06,241,0,,116,
2015-04-07,225,1,,118,
2015-04-08,220,0,,114,
2015-04-09,199,0,,112,
2015-04-10,201,0,,110,
2015-04-11,195,2,,111,
2015-04-12,191,0,,116,
2015-04-13,188,2,,114,
2015-04-14,189,0,,117,
2015-04-15,196,0,,120,
2015-04-16,227,0,,118,
2015-04-17,233,2,,123,
2015-04-18,231,0,,118,
2015-04-19,262,0,,116,
2015-04-20,204,0,,116,
2015-04-21,240,2,,115,
2015-04-22,240,1,,115,
2015-04-23,228,1,,120,
2015-04-24,219,0,,125,
2015-04-25,204,0,,125,
2015-04-26,222,1,,131,
2015-04-27,200,3,,135,
2015-04-28,209,1,,129,
2015-04-29,211,1,,131,
2015-04-30,229,1,,130,
2015-05-01,259,0,,127,
2015-05-02,238,1,,127,
2015-05-03,258,4,,129,
2015-05-04,226,0,,126,
2015-05-05,202,1,,121,
2015-05-06,216,0,,121,
2015-05-07,185,0,,115,
2015-05-08,202,0,,118,
2015-05-09,217,0,,116,
2015-05-10,202,0,,0,
2015-05-11,208,1,,118,
2015-05-12,202,1,,120,
2015-05-13,193,0,,123,
2015-05-14,207,1,,123,
2015-05-15,203,2,,123,
2015-05-16,0,1,,126,
2015-05-17,0,1,,128,
2015-05-18,208,1,,125,
2015-05-19,196,0,,124,
2015-05-20,191,0,,0,
2015-05-21,201,0,,0,
2015-05-22,190,3,,125,
2015-05-23,227,0,,122,
2015-05-24,205,2,,123,
2015-05-25,202,1,,121,
2015-05-26,204,3,,119,
2015-05-27,191,1,,116,
2015-05-28,213,1,,118,
2015-05-29,254,2,,117,
2015-05-30,249,1,,119,
2015-05-31,224,1,,117,
2015-06-01,219,0,,115,
2015-06-02,190,0,,119,
2015-06-03,231,0,,117,
2015-06-04,252,2,,118,
2015-06-05,233,0,,116,
2015-06-06,218,0,,113,
2015-06-07,201,0,,113,
2015-06-08,221,0,,114,
2015-06-09,226,0,,117,
2015-06-10,209,1,,116,
2015-06-11,198,1,,117,
2015-06-12,193,1,,119,
2015-06-13,196,0,,118,
2015-06-14,210,0,,113,
2015-06-15,214,1,,116,
2015-06-16,210,0,,110,
2015-06-17,253,1,,111,
2015-06-18,216,0,,110,
2015-06-19,179,1,,108,
2015-06-20,174,1,,108,
2015-06-21,208,0,,108,
2015-06-22,206,0,,107,
2015-06-23,171,3,,112,
2015-06-24,183,0,,114,
2015-06-25,191,1,,113,
2015-06-26,210,0,,112,
2015-06-27,217,0,,112,
2015-06-28,205,0,,108,
2015-06-29,194,2,,111,
2015-06-30,188,0,,112,
2015-07-01,195,1,,112,
2015-07-02,205,0,,115,
2015-07-03,193,1,,115,
2015-07-04,202,1,,117,
2015-07-05,181,2,,116,
2015-07-06,222,1,,118,
2015-07-07,0,2,,118,
2015-07-08,198,2,,111,
2015-07-09,205,3,,109,
2015-07-10,203,0,,112,
2015-07-11,228,0,,111,
2015-07-12,199,0,,112,
2015-07-13,225,0,,110,
2015-07-14,269,0,,108,
2015-07-15,273,1,,109,
2015-07-16,234,0,,113,
2015-07-17,226,1,,115,
2015-07-18,240,0,,116,
2015-07-19,255,1,,114,
2015-07-20,257,2,,113,
2015-07-21,0,1,,115,
2015-07-22,0,0,,116,
2015-07-23,0,2,,111,
2015-07-24,0,0,,116,
2015-07-25,196,1,,117,
2015-07-26,216,0,,115,
2015-07-27,203,2,,115,
2015-07-28,0,3,,119,
2015-07-29,180,0,,119,
2015-07-30,228,2,,120,
2015-07-31,176,0,,120,
2015-08-01,0,2,,119,
2015-08-02,241,0,,118,
2015-08-03,0,1,,114,
2015-08-04,230,1,,116,
2015-08-05,212,1,,118,
2015-08-06,205,0,,115,
2015-08-07,201,2,,112,
2015-08-08,0,1,,115,
2015-08-09,203,3,,116,
2015-08-10,0,2,,121,
2015-08-11,0,0,,123,
2015-08-12,185,0,,123,
2015-08-13,0,1,,119,
2015-08-14,218,1,,115,
2015-08-15,201,2,,114,
2015-08-16,192,1,,118,
2015-08-17,209,0,,121,
2015-08-18,201,3,,123,
2015-08-19,209,0,,125,
2015-08-20,209,2,,125,
2015-08-21,205,1,,121,
2015-08-22,173,0,,125,
2015-08-23,160,0,,119,
2015-08-24,206,1,,117,
2015-08-25,213,2,,120,
2015-08-26,193,0,,120,
2015-08-27,204,1,,116,
2015-08-28,180,2,,118,
2015-08-29,184,1,,121,
2015-08-30,212,3,,122,
2015-08-31,200,1,,128,
2015-09-01,218,0,,128,
2015-09-02,199,2,,131,
2015-09-03,209,0,,135,
2015-09-04,231,4,,136,
2015-09-05,240,3,,136,
2015-09-06,198,0,,138,
2015-09-07,194,2,,143,
2015-09-08,178,0,,144,
2015-09-09,218,1,,143,
2015-09-10,195,1,,144,
2015-09-11,215,2,,141,
2015-09-12,217,1,,137,
2015-09-13,218,0,,135,
2015-09-14,220,1,,134,
2015-09-15,214,0,,144,
2015-09-16,195,2,,143,
2015-09-17,203,1,,136,
2015-09-18,183,1,,136,
2015-09-19,185,1,,136,
2015-09-20,184,1,,139,
2015-09-21,198,3,,139,
2015-09-22,220,2,,139,
2015-09-23,189,2,,139,
2015-09-24,191,1,,142,
2015-09-25,175,0,,142,
2015-09-26,161,1,,141,
2015-09-27,195,2,,142,
2015-09-28,200,3,,143,
2015-09-29,214,2,,144,
2015-09-30,208,1,,149,
2015-10-01,226,1,,149,
2015-10-02,182,0,,144,
2015-10-03,186,0,,144,
2015-10-04,178,1,,144,
2015-10-05,172,1,,141,
2015-10-06,183,0,,141,
2015-10-07,178,1,,146,
2015-10-08,195,3,,153,
2015-10-09,186,2,,149,
2015-10-10,178,0,,147,
2015-10-11,165,0,,147,
2015-10-12,197,2,,148,
2015-10-13,157,0,,151,
2015-10-14,191,0,,150,
2015-10-15,199,1,,148,
2015-10-16,181,2,,144,
2015-10-17,170,1,,144,
2015-10-18,184,1,,142,
2015-10-19,181,0,,145,
2015-10-20,175,2,,145,
2015-10-21,162,1,,147,
2015-10-22,191,1,,143,
2015-10-23,196,2,,143,
2015-10-24,174,1,,144,
2015-10-25,196,0,,148,
2015-10-26,173,0,,148,
2015-10-27,178,2,,145,
2015-10-28,178,3,,143,
2015-10-29,196,1,,145,
2015-10-30,158,2,,144,
2015-10-31,187,1,,147,
2015-11-01,180,1,,144,
2015-11-02,168,1,,143,
2015-11-03,159,2,,146,
2015-11-04,157,1,,146,
2015-11-05,149,2,,141,
2015-11-06,212,1,,143,
2015-11-07,191,1,,143,
2015-11-08,148,1,,140,
2015-11-09,180,6,,148,
2015-11-10,170,2,,150,
2015-11-11,134,0,,143,
2015-11-12,150,0,,139,
2015-11-13,149,2,,140,
2015-11-14,149,0,,142,
2015-11-15,168,1,,143,
2015-11-16,146,3,,148,
2015-11-17,169,1,,149,
2015-11-18,155,1,,149,
2015-11-19,150,1,,149,
2015-11-20,162,1,,148,
2015-11-21,166,2,,146,
2015-11-22,192,2,,147,
2015-11-23,179,4,,148,
2015-11-24,171,0,,148,
2015-11-25,149,0,,144,
2015-11-26,174,1,,145,
2015-11-27,147,0,,144,
2015-11-28,180,1,,145,
2015-11-29,142,0,,149,
2015-11-30,149,2,,149,
2015-12-01,160,3,,149,
2015-12-02,178,1,,148,
2015-12-03,178,1,,150,
2015-12-04,150,1,,151,
2015-12-05,186,1,,153,
2015-12-06,178,3,,155,
2015-12-07,154,2,,156,
2015-12-08,151,0,,154,
2015-12-09,161,1,,152,
2015-12-10,163,0,,152,
2015-12-11,180,1,,153,
2015-12-12,179,2,,153,
2015-12-13,168,2,,157,
2015-12-14,161,2,,157,
2015-12-15,131,3,,159,
2015-12-16,163,3,,156,
2015-12-17,159,0,,155,
2015-12-18,171,1,,153,
2015-12-19,137,1,,155,
2015-12-20,148,2,,160,
2015-12-21,140,0,,158,
2015-12-22,162,2,,157,
2015-12-23,126,0,,160,
2015-12-24,135,5,,153,
2015-12-25,161,0,,155,
2015-12-26,142,1,,153,
2015-12-27,184,1,,154,
2015-12-28,169,1,,151,
2015-12-29,179,3,,150,
2015-12-30,158,2,,145,
2015-12-31,131,1,,148,
2016-01-01,166,2,,147,
2016-01-02,204,3,,150,
2016-01-03,199,2,,150,
2016-01-04,233,0,,156,
2016-01-05,164,1,,160,
2016-01-06,177,2,,161,
2016-01-07,200,2,,160,
2016-01-08,183,2,,164,
2016-01-09,170,0,,162,
2016-01-10,174,2,,164,
2016-01-11,148,1,,165,
2016-01-12,180,1,,162,
2016-01-13,179,1,,164,
2016-01-14,178,1,,166,
2016-01-15,187,0,,163,
2016-01-16,194,1,,164,
2016-01-17,164,0,,164,
2016-01-18,155,1,,165,
2016-01-19,194,1,,161,
2016-01-20,192,1,,159,
2016-01-21,167,2,,162,
2016-01-22,162,4,,159,
2016-01-23,175,2,,160,
2016-01-24,176,1,,158,
2016-01-25,197,2,,154,
2016-01-26,182,0,,158,
2016-01-27,183,3,,153,
2016-01-28,174,2,,152,
2016-01-29,177,0,,147,
2016-01-30,180,3,,147,
2016-01-31,173,8,,156,
2016-02-01,174,1,,159,
2016-02-02,188,0,,162,
2016-02-03,198,2,,169,
2016-02-04,168,1,,167,
2016-02-05,160,3,,167,
2016-02-06,186,5,,172,
2016-02-07,167,7,,178,
2016-02-08,176,3,,176,
2016-02-09,173,1,,173,
2016-02-10,162,1,,172,
2016-02-11,173,4,,180,
2016-02-12,157,1,,178,
2016-02-13,165,3,,180,
2016-02-14,173,4,,178,
2016-02-15,175,2,,184,
2016-02-16,163,0,,183,
2016-02-17,155,1,,178,
2016-02-18,189,1,,177,
2016-02-19,185,1,,180,
2016-02-20,178,2,,177,
2016-02-21,179,3,,176,
2016-02-22,184,0,,174,
2016-02-23,170,0,,174,
2016-02-24,169,4,,175,
2016-02-25,134,5,,178,
2016-02-26,142,0,,177,
2016-02-27,169,0,,182,
2016-02-28,167,1,,180,
2016-02-29,175,1,,178,
2016-03-01,174,2,,185,
2016-03-02,236,4,,188,
2016-03-03,257,5,,191,
2016-03-04,234,1,,195,
2016-03-05,192,4,,196,
2016-03-06,185,0,,194,
2016-03-07,258,2,,197,
2016-03-08,204,4,,197,
2016-03-09,174,2,,200,
2016-03-10,174,0,,201,
2016-03-11,196,0,,196,
2016-03-12,161,1,,195,
2016-03-13,195,6,,190,
2016-03-14,178,2,,195,
2016-03-15,179,4,,190,
2016-03-16,155,2,,185,
2016-03-17,165,2,,192,
2016-03-18,170,2,,196,
2016-03-19,177,1,,199,
2016-03-20,169,2,,201,
2016-03-21,164,6,,205,
2016-03-22,172,3,,209,
2016-03-23,184,4,,212,
2016-03-24,186,6,,213,
2016-03-25,210,4,,214,
2016-03-26,173,2,,220,
2016-03-27,177,8,,216,
2016-03-28,211,4,,221,
2016-03-29,201,7,,223,
2016-03-30,173,4,,235,
2016-03-31,201,2,,239,
2016-04-01,205,9,,246,
2016-04-02,205,6,,246,
2016-04-03,205,2,,247,
2016-04-04,186,0,,237,
2016-04-05,202,5,,241,
2016-04-06,208,4,,238,
2016-04-07,196,5,,240,
2016-04-08,210,4,,248,
2016-04-09,173,3,,256,
2016-04-10,180,3,,261,
2016-04-11,180,1,,258,
2016-04-12,176,2,,256,
2016-04-13,202,2,,253,
2016-04-14,193,6,,255,
2016-04-15,198,4,,260,
2016-04-16,175,4,,260,
2016-04-17,179,4,,254,
2016-04-18,197,3,,264,
2016-04-19,180,3,,256,
2016-04-20,184,2,,258,
2016-04-21,236,8,,258,
2016-04-22,97,8,,261,
2016-04-23,92,8,,269,
2016-04-24,106,10,,274,
2016-04-25,99,15,,280,
2016-04-26,103,12,,288,
2016-04-27,134,6,,299,
2016-04-28,169,9,1,299,
2016-04-29,126,8,0,298,
2016-04-30,102,5,0,294,
2016-05-01,87,4,0,287,
2016-05-02,127,6,0,282,
2016-05-03,107,7,0,278,
2016-05-04,109,4,0,274,
2016-05-05,101,4,0,275,
2016-05-06,108,5,0,278,
2016-05-07,113,5,0,283,
2016-05-08,111,7,1,290,
2016-05-09,163,41,1,304,
2016-05-10,106,12,1,311,
2016-05-11,114,3,0,331,
2016-05-12,97,3,0,330,
2016-05-13,98,6,0,334,
2016-05-14,90,2,0,328,
2016-05-15,93,4,0,327,
2016-05-16,122,5,0,321,
2016-05-17,122,8,0,326,
2016-05-18,155,15,0,318,
2016-05-19,401,31,0,330,
2016-05-20,193,11,0,360,
2016-05-21,145,10,0,367,
2016-05-22,136,6,1,365,
2016-05-23,140,9,0,366,
2016-05-24,148,3,0,367,
2016-05-25,160,9,0,364,
2016-05-26,140,10,0,371,
2016-05-27,139,9,0,358,
2016-05-28,121,8,0,359,
2016-05-29,133,12,1,374,
2016-05-30,131,5,0,371,
2016-05-31,141,13,0,374,
2016-06-01,129,12,0,388,
2016-06-02,124,8,0,382,
2016-06-03,88,4,1,373,
2016-06-04,138,5,2,369,
2016-06-05,100,4,0,376,
2016-06-06,117,3,5,373,
2016-06-07,88,4,0,376,
2016-06-08,124,2,1,375,
2016-06-09,93,3,4,364,
2016-06-10,106,4,0,368,
2016-06-11,107,4,3,371,
2016-06-12,105,1,1,361,
2016-06-13,156,4,3,363,
2016-06-14,126,2,5,358,
2016-06-15,131,4,3,358,
2016-06-16,114,1,0,351,
2016-06-17,162,1,1,352,
2016-06-18,156,0,0,344,
2016-06-19,136,4,0,351,
2016-06-20,178,6,2,351,
2016-06-21,174,2,3,363,
2016-06-22,177,3,1,362,
2016-06-23,127,2,0,367,
2016-06-24,127,5,4,372,
2016-06-25,130,2,3,369,
2016-06-26,153,3,1,361,
2016-06-27,155,2,3,361,
2016-06-28,160,3,4,359,
2016-06-29,250,6,6,361,
2016-06-30,234,8,7,372,
2016-07-01,169,3,2,372,
2016-07-02,184,7,7,372,
2016-07-03,150,2,3,357,
2016-07-04,187,3,3,363,
2016-07-05,218,9,8,365,
2016-07-06,167,2,0,360,
2016-07-07,157,5,3,348,
2016-07-08,168,3,3,346,
2016-07-09,142,1,3,340,
2016-07-10,243,4,3,341,
2016-07-11,174,2,3,338,
2016-07-12,153,2,0,343,
2016-07-13,147,2,1,351,
2016-07-14,118,3,2,354,
2016-07-15,166,2,3,350,
2016-07-16,120,1,2,347,
2016-07-17,205,5,2,346,
2016-07-18,244,3,4,344,
2016-07-19,175,6,4,348,
2016-07-20,162,4,5,347,
2016-07-21,191,2,3,346,
2016-07-22,195,3,0,347,
2016-07-23,160,2,2,344,
2016-07-24,155,1,0,343,
2016-07-25,131,4,2,341,
2016-07-26,179,2,1,345,
2016-07-27,163,2,3,343,
2016-07-28,165,6,3,339,
2016-07-29,0,3,4,346,
2016-07-30,0,2,1,347,
2016-07-31,0,4,5,346,
2016-08-01,102,2,4,357,
2016-08-02,166,5,3,359,
2016-08-03,174,6,6,360,
2016-08-04,173,3,2,357,
2016-08-05,138,3,2,355,
2016-08-06,126,2,2,358,
2016-08-07,161,1,1,359,
2016-08-08,134,3,1,358,
2016-08-09,115,4,2,353,
2016-08-10,149,8,4,357,
2016-08-11,157,1,0,360,
2016-08-12,141,5,1,361,
2016-08-13,123,1,3,370,
2016-08-14,140,1,1,369,
2016-08-15,177,7,4,369,
2016-08-16,131,5,3,363,
2016-08-17,184,2,1,367,
2016-08-18,182,4,4,364,
2016-08-19,133,3,2,366,
2016-08-20,143,1,1,364,
2016-08-21,129,1,0,361,
2016-08-22,172,6,3,370,
2016-08-23,126,5,2,381,
2016-08-24,140,3,3,377,
2016-08-25,156,3,0,379,
2016-08-26,153,7,6,378,
2016-08-27,119,4,3,378,
2016-08-28,148,0,2,384,
2016-08-29,153,3,3,387,
2016-08-30,149,2,2,386,
2016-08-31,161,3,0,381,
2016-09-01,167,7,5,386,
2016-09-02,174,4,1,381,
2016-09-03,179,3,7,379,
2016-09-04,174,4,2,378,
2016-09-05,133,3,3,376,
2016-09-06,164,3,2,388,
2016-09-07,163,4,4,394,
2016-09-08,131,0,1,389,
2016-09-09,171,3,2,387,
2016-09-10,150,10,3,393,
2016-09-11,180,6,3,403,
2016-09-12,157,5,3,405,
2016-09-13,185,6,2,409,
2016-09-14,146,3,4,406,
2016-09-15,121,3,1,405,
2016-09-16,146,5,2,404,
2016-09-17,146,8,4,412,
2016-09-18,154,2,2,417,
2016-09-19,131,7,4,420,
2016-09-20,144,1,0,424,
2016-09-21,157,1,3,420,
2016-09-22,136,1,2,422,
2016-09-23,154,2,2,416,
2016-09-24,159,4,3,415,
2016-09-25,188,5,2,416,
2016-09-26,152,1,4,418,
2016-09-27,146,3,1,420,
2016-09-28,172,4,2,406,
2016-09-29,112,1,0,406,
2016-09-30,136,2,0,416,
2016-10-01,150,4,4,415,
2016-10-02,128,2,0,409,
2016-10-03,168,6,1,414,
2016-10-04,160,4,3,423,
2016-10-05,160,3,1,417,
2016-10-06,127,0,1,409,
2016-10-07,143,2,1,410,
2016-10-08,127,2,3,410,
2016-10-09,143,3,4,409,
2016-10-10,162,2,3,420,
2016-10-11,177,4,1,415,
2016-10-12,157,3,3,427,
2016-10-13,126,4,2,436,
2016-10-14,151,4,6,437,
2016-10-15,196,4,1,430,
2016-10-16,189,6,2,428,
2016-10-17,225,4,3,428,
2016-10-18,177,5,2,435,
2016-10-19,194,3,1,424,
2016-10-20,171,4,3,428,
2016-10-21,150,1,2,420,
2016-10-22,150,4,3,422,
2016-10-23,189,1,2,431,
2016-10-24,183,1,0,421,
2016-10-25,161,3,1,426,
2016-10-26,173,8,5,429,
2016-10-27,167,2,2,426,
2016-10-28,179,2,1,432,
2016-10-29,174,5,5,420,
2016-10-30,164,5,0,413,
2016-10-31,175,6,0,414,
2016-11-01,315,6,4,419,
2016-11-02,224,5,2,412,
2016-11-03,183,3,2,410,
2016-11-04,165,3,1,409,
2016-11-05,178,4,4,419,
2016-11-06,203,3,3,417,
2016-11-07,186,3,3,421,
2016-11-08,162,3,1,415,
2016-11-09,249,1,1,424,
2016-11-10,197,2,2,425,
2016-11-11,167,4,2,427,
2016-11-12,178,4,3,426,
2016-11-13,200,3,3,422,
2016-11-14,204,4,3,436,
2016-11-15,172,2,2,442,
2016-11-16,186,2,1,437,
2016-11-17,167,5,2,436,
2016-11-18,205,5,0,450,
2016-11-19,201,3,2,439,
2016-11-20,200,3,3,444,
2016-11-21,244,8,3,440,
2016-11-22,251,6,5,437,
2016-11-23,231,6,4,437,
2016-11-24,173,4,7,436,
2016-11-25,175,10,6,443,
2016-11-26,221,7,4,445,
2016-11-27,173,3,2,438,
2016-11-28,173,4,3,449,
2016-11-29,150,3,2,455,
2016-11-30,187,2,2,451,
2016-12-01,190,4,3,453,
2016-12-02,179,6,0,453,
2016-12-03,204,7,8,453,
2016-12-04,184,1,2,454,
2016-12-05,189,3,4,456,
2016-12-06,167,6,1,459,
2016-12-07,178,2,1,456,
2016-12-08,184,5,3,457,
2016-12-09,200,2,1,456,
2016-12-10,184,7,6,455,
2016-12-11,193,2,3,458,
2016-12-12,172,0,0,458,
2016-12-13,160,5,1,459,
2016-12-14,151,5,3,458,
2016-12-15,157,7,3,466,
2016-12-16,189,4,2,472,
2016-12-17,174,9,7,476,
2016-12-18,217,9,9,483,
2016-12-19,180,1,4,474,
2016-12-20,211,12,5,477,
2016-12-21,186,7,2,481,
2016-12-22,206,3,5,475,
2016-12-23,210,6,5,469,
2016-12-24,181,5,3,456,
2016-12-25,173,6,3,464,
2016-12-26,182,7,3,455,
2016-12-27,206,5,3,454,
2016-12-28,282,9,4,455,
2016-12-29,211,6,0,445,
2016-12-30,256,7,3,450,
2016-12-31,188,4,2,451,
2017-01-01,217,3,3,452,
2017-01-02,223,9,7,459,
2017-01-03,249,7,5,465,
2017-01-04,342,8,4,462,
2017-01-05,290,11,4,461,
2017-01-06,297,13,11,474,
2017-01-07,287,9,4,482,
2017-01-08,312,9,4,482,
2017-01-09,257,6,4,485,
2017-01-10,277,5,4,477,
2017-01-11,255,6,3,472,
2017-01-12,275,11,5,482,
2017-01-13,251,6,6,488,
2017-01-14,311,8,4,491,
2017-01-15,277,11,7,496,
2017-01-16,281,9,3,500,
2017-01-17,273,7,5,507,
2017-01-18,238,5,2,507,
2017-01-19,260,2,7,506,
2017-01-20,241,2,3,506,
2017-01-21,281,14,7,511,
2017-01-22,338,12,6,511,
2017-01-23,254,3,4,518,
2017-01-24,247,9,6,517,
2017-01-25,281,6,3,525,
2017-01-26,269,5,7,519,
2017-01-27,255,6,1,522,
2017-01-28,262,8,4,520,
2017-01-29,299,8,5,522,
2017-01-30,214,5,5,519,
2017-01-31,247,3,3,518,
2017-02-01,251,6,7,530,
2017-02-02,224,6,5,531,
2017-02-03,255,16,12,537,
2017-02-04,278,7,4,534,
2017-02-05,284,12,8,536,
2017-02-06,263,4,5,542,
2017-02-07,239,10,4,541,
2017-02-08,290,8,7,545,
2017-02-09,283,5,2,541,
2017-02-10,283,6,3,535,
2017-02-11,241,4,2,537,
2017-02-12,253,3,6,531,
2017-02-13,233,5,2,531,
2017-02-14,203,5,4,525,
2017-02-15,252,14,6,522,
2017-02-16,212,5,4,520,
2017-02-17,230,3,2,530,
2017-02-18,266,5,7,524,
2017-02-19,274,5,4,520,
2017-02-20,245,5,1,523,
2017-02-21,247,2,1,514,
2017-02-22,256,9,7,521,
2017-02-23,225,6,2,521,
2017-02-24,241,4,2,529,
2017-02-25,239,7,7,533,
2017-02-26,236,8,6,534,
2017-02-27,209,5,3,534,
2017-02-28,226,5,6,545,
2017-03-01,228,2,2,535,
2017-03-02,263,5,6,544,
2017-03-03,222,5,3,553,
2017-03-04,228,4,4,543,
2017-03-05,245,6,5,542,
2017-03-06,209,4,3,551,
2017-03-07,220,9,1,553,
2017-03-08,227,3,2,545,
2017-03-09,220,3,4,545,
2017-03-10,195,4,4,550,
2017-03-11,260,12,4,560,
2017-03-12,182,3,4,550,
2017-03-13,230,5,6,554,
2017-03-14,265,8,5,560,
2017-03-15,258,7,2,556,
2017-03-16,226,7,7,554,
2017-03-17,222,6,2,554,
2017-03-18,254,4,4,556,
2017-03-19,231,3,4,542,
2017-03-20,212,5,1,543,
2017-03-21,214,8,3,547,
2017-03-22,246,11,5,542,
2017-03-23,259,5,8,546,
2017-03-24,262,9,6,549,
2017-03-25,381,15,8,553,
2017-03-26,301,13,5,561,
2017-03-27,311,13,10,565,
2017-03-28,221,4,1,569,
2017-03-29,235,11,4,566,
2017-03-30,234,5,3,577,
2017-03-31,227,4,3,571,
2017-04-01,273,9,7,577,
2017-04-02,278,6,7,572,
2017-04-03,241,8,2,575,
2017-04-04,246,11,8,583,
2017-04-05,256,11,6,582,
2017-04-06,271,9,4,574,
2017-04-07,286,13,9,573,
2017-04-08,284,5,2,566,
2017-04-09,286,7,5,570,
2017-04-10,249,9,5,576,
2017-04-11,254,9,5,587,
2017-04-12,253,10,7,592,
2017-04-13,238,5,4,596,
2017-04-14,232,3,1,585,
2017-04-15,281,4,5,590,
2017-04-16,265,9,6,598,
2017-04-17,262,6,2,600,
2017-04-18,205,3,1,602,
2017-04-19,260,7,3,607,
2017-04-20,250,6,5,600,
2017-04-21,207,9,3,606,
2017-04-22,282,9,4,610,
2017-04-23,309,8,2,603,
2017-04-24,240,6,5,608,
2017-04-25,242,7,7,608,
2017-04-26,260,4,2,617,
2017-04-27,271,6,3,612,
2017-04-28,228,8,4,595,
2017-04-29,276,9,5,597,
2017-04-30,271,9,2,605,
2017-05-01,284,6,3,607,
2017-05-02,214,9,7,612,
2017-05-03,214,7,3,608,
2017-05-04,243,10,6,621,
2017-05-05,212,6,7,616,
2017-05-06,280,7,4,621,
2017-05-07,255,7,6,628,
2017-05-08,243,7,9,642,
2017-05-09,274,9,5,665,
2017-05-10,301,14,11,654,
2017-05-11,257,11,7,652,
2017-05-12,287,7,6,644,
2017-05-13,276,5,7,641,
2017-05-14,268,5,3,623,
2017-05-15,238,1,6,624,
2017-05-16,237,6,4,620,
2017-05-17,196,11,5,630,
2017-05-18,233,14,10,630,
2017-05-19,238,8,5,623,
2017-05-20,262,7,5,632,
2017-05-21,234,7,3,630,
2017-05-22,225,5,3,624,
2017-05-23,250,11,3,627,
2017-05-24,203,2,1,622,
2017-05-25,251,13,6,614,
2017-05-26,231,10,4,614,
2017-05-27,203,8,4,610,
2017-05-28,281,8,3,612,
2017-05-29,316,10,5,607,
2017-05-30,232,10,1,614,
2017-05-31,221,7,8,618,
2017-06-01,242,6,5,615,
2017-06-02,228,4,1,605,
2017-06-03,203,11,3,625,
2017-06-04,244,4,0,625,
2017-06-05,255,11,6,632,
2017-06-06,255,5,6,646,
2017-06-07,265,6,2,628,
2017-06-08,313,9,5,637,
2017-06-09,313,8,6,639,
2017-06-10,275,9,5,633,
2017-06-11,279,10,6,632,
2017-06-12,215,8,3,632,
2017-06-13,348,10,4,631,
2017-06-14,309,8,4,646,
2017-06-15,279,10,6,642,
2017-06-16,244,7,5,635,
2017-06-17,257,3,1,639,
2017-06-18,268,10,3,641,
2017-06-19,277,7,6,643,
2017-06-20,278,4,5,637,
2017-06-21,356,10,3,644,
2017-06-22,286,7,3,644,
2017-06-23,281,11,8,652,
2017-06-24,318,7,6,654,
2017-06-25,278,8,3,663,
2017-06-26,324,8,6,661,
2017-06-27,311,8,5,661,
2017-06-28,283,13,11,656,
2017-06-29,266,7,2,648,
2017-06-30,277,8,5,652,
2017-07-01,284,10,4,669,
2017-07-02,287,8,4,656,
2017-07-03,313,16,5,665,
2017-07-04,365,13,8,664,
2017-07-05,350,13,6,659,
2017-07-06,289,10,6,660,
2017-07-07,263,7,4,657,
2017-07-08,271,8,6,669,
2017-07-09,279,7,4,679,
2017-07-10,317,6,5,688,
2017-07-11,311,10,6,678,
2017-07-12,316,6,2,683,
2017-07-13,297,8,1,666,
2017-07-14,321,2,2,669,
2017-07-15,340,14,6,667,
2017-07-16,304,9,4,668,
2017-07-17,344,13,5,681,
2017-07-18,300,15,10,677,
2017-07-19,307,9,5,683,
2017-07-20,328,11,6,700,
2017-07-21,369,9,4,706,
2017-07-22,304,16,13,708,
2017-07-23,396,14,5,703,
2017-07-24,368,11,9,722,
2017-07-25,351,10,9,717,
2017-07-26,309,7,5,719,
2017-07-27,333,10,9,708,
2017-07-28,352,12,13,710,
2017-07-29,258,5,2,703,
2017-07-30,374,14,3,707,
2017-07-31,338,7,4,713,
2017-08-01,302,12,5,715,
2017-08-02,344,5,5,715,
2017-08-03,311,10,4,709,
2017-08-04,319,5,4,720,
2017-08-05,317,13,3,717,
2017-08-06,367,12,6,719,
2017-08-07,392,16,12,732,
2017-08-08,351,9,3,739,
2017-08-09,402,17,18,743,
2017-08-10,382,17,14,759,
2017-08-11,431,11,11,763,
2017-08-12,725,9,7,766,
2017-08-13,662,10,4,771,
2017-08-14,0,16,12,773,
2017-08-15,1063,30,24,787,
2017-08-16,891,13,9,800,
2017-08-17,787,23,9,797,
2017-08-18,633,22,13,797,
2017-08-19,884,27,17,803,
2017-08-20,1011,21,14,804,
2017-08-21,725,21,13,849,
2017-08-22,615,13,7,854,
2017-08-23,543,13,10,857,
2017-08-24,565,14,7,866,
2017-08-25,505,8,3,846,
2017-08-26,535,13,5,855,
2017-08-27,552,14,15,866,
2017-08-28,548,19,9,877,
2017-08-29,608,18,13,887,
2017-08-30,673,20,12,882,
2017-08-31,504,16,13,882,
2017-09-01,508,13,4,892,
2017-09-02,500,15,11,894,
2017-09-03,516,19,15,891,
2017-09-04,551,21,13,888,
2017-09-05,512,14,9,894,
2017-09-06,436,12,7,899,
2017-09-07,393,13,7,921,
2017-09-08,420,19,5,919,
2017-09-09,491,22,12,925,
2017-09-10,437,20,8,926,
2017-09-11,401,13,7,928,
2017-09-12,440,26,8,946,
2017-09-13,369,8,5,954,
2017-09-14,351,17,5,953,
2017-09-15,436,17,7,958,
2017-09-16,415,10,5,953,
2017-09-17,376,18,9,959,
2017-09-18,365,17,9,978,
2017-09-19,344,13,7,980,
2017-09-20,294,18,6,994,
2017-09-21,334,15,9,1003,
2017-09-22,348,17,8,1005,
2017-09-23,418,15,4,1025,
2017-09-24,416,13,4,1001,
2017-09-25,345,7,3,991,
2017-09-26,309,21,3,990,
2017-09-27,337,12,0,996,
2017-09-28,306,15,1,994,
2017-09-29,307,8,1,1001,
2017-09-30,381,15,0,999,
2017-10-01,378,15,1,1011,
2017-10-02,301,14,3,1020,
2017-10-03,356,11,0,1021,
2017-10-04,406,23,3,1020,
2017-10-05,350,15,2,1026,
2017-10-06,313,15,2,1030,
2017-10-07,403,13,1,1042,
2017-10-08,502,15,2,1059,
2017-10-09,403,14,1,1068,
2017-10-10,411,15,2,1067,
2017-10-11,398,16,2,1078,
2017-10-12,371,16,1,1092,
2017-10-13,400,12,0,1099,
2017-10-14,396,20,2,1113,
2017-10-15,389,13,0,1119,
2017-10-16,369,12,2,1101,
2017-10-17,369,9,2,1105,
2017-10-18,366,16,1,1116,
2017-10-19,307,13,1,1112,
2017-10-20,298,14,1,1104,
2017-10-21,399,13,3,1117,
2017-10-22,326,19,5,1137,
2017-10-23,398,14,2,1129,
2017-10-24,321,14,1,1127,
2017-10-25,348,12,1,1136,
2017-10-26,310,10,4,1136,
2017-10-27,394,18,2,1142,
2017-10-28,412,19,2,1155,
2017-10-29,367,9,2,1151,
2017-10-30,322,16,1,1156,
2017-10-31,499,29,5,1172,
2017-11-01,379,13,2,1168,
2017-11-02,366,12,4,1186,
2017-11-03,364,13,4,1186,
2017-11-04,390,19,2,1199,
2017-11-05,366,10,5,1206,
2017-11-06,289,11,2,1191,
2017-11-07,305,12,4,1191,
2017-11-08,328,17,2,1187,
2017-11-09,286,11,4,1179,
2017-11-10,364,16,2,1187,
2017-11-11,359,22,4,1189,
2017-11-12,376,13,5,1188,
2017-11-13,309,18,5,1206,
2017-11-14,335,9,7,1210,
2017-11-15,338,11,2,1221,
2017-11-16,303,16,4,1217,
2017-11-17,341,16,10,1225,
2017-11-18,376,19,10,1225,
2017-11-19,365,14,7,1229,
2017-11-20,368,13,9,1245,
2017-11-21,308,13,12,1236,
2017-11-22,336,15,14,1240,
2017-11-23,307,4,7,1240,
2017-11-24,343,16,16,1231,
2017-11-25,325,19,13,1213,
2017-11-26,349,13,6,1227,
2017-11-27,376,14,4,1245,
2017-11-28,311,22,9,1257,
2017-11-29,341,12,14,1254,
2017-11-30,348,21,18,1255,
2017-12-01,366,28,13,1259,
2017-12-02,366,25,14,1278,
2017-12-03,372,20,14,1292,
2017-12-04,326,19,15,1303,
2017-12-05,349,15,8,1320,
2017-12-06,367,15,10,1319,
2017-12-07,333,17,8,1318,
2017-12-08,372,24,11,1300,
2017-12-09,409,20,9,1308,
2017-12-10,391,28,18,1302,
2017-12-11,471,12,6,1315,
2017-12-12,607,23,12,1330,
2017-12-13,1056,28,17,1325,
2017-12-14,1760,18,10,1331,
2017-12-15,2560,13,6,1344,
2017-12-16,2903,28,17,1352,
2017-12-17,3028,24,14,1380,
2017-12-18,3043,22,17,1382,
2017-12-19,2883,28,13,1386,
2017-12-20,2824,16,10,1378,
2017-12-21,2622,25,17,1353,
2017-12-22,2681,19,9,1368,
2017-12-23,2888,16,6,1369,
2017-12-24,2504,25,13,1362,
2017-12-25,2487,17,7,1363,
2017-12-26,2758,22,10,1347,
2017-12-27,3088,23,10,1344,
2017-12-28,3060,29,17,1338,
2017-12-29,2937,19,6,1330,
2017-12-30,2823,26,16,1342,
2017-12-31,2510,24,12,1352,
2018-01-01,2945,24,16,1368,
2018-01-02,3790,31,21,1394,
2018-01-03,3867,26,21,1404,
2018-01-04,3659,33,11,1427,
2018-01-05,3362,24,21,1452,
2018-01-06,3041,33,18,1459,
2018-01-07,3006,21,11,1472,
2018-01-08,3250,31,16,1495,
2018-01-09,3728,36,23,1517,
2018-01-10,3899,24,12,1523,
2018-01-11,3864,29,19,1527,
2018-01-12,4699,32,17,1524,
2018-01-13,4992,19,14,1524,
2018-01-14,5192,28,20,1528,
2018-01-15,5350,26,16,1566,
2018-01-16,5462,30,18,1555,
2018-01-17,5589,20,21,1558,
2018-01-18,5283,27,14,1601,
2018-01-19,5242,37,20,1574,
2018-01-20,5011,26,12,1579,
2018-01-21,5087,23,21,1593,
2018-01-22,5811,22,13,1602,
2018-01-23,6269,30,13,1610,
2018-01-24,7046,29,21,1604,
2018-01-25,6775,33,18,1630,
2018-01-26,6638,25,14,1625,
2018-01-27,7600,27,14,1634,
2018-01-28,8080,24,11,1631,
2018-01-29,8317,35,21,1639,
2018-01-30,8444,28,18,1649,
2018-01-31,8027,19,12,1674,
2018-02-01,8608,27,15,1694,
2018-02-02,8330,39,39,1717,
2018-02-03,7229,29,17,1724,
2018-02-04,7076,33,16,1751,
2018-02-05,5719,21,22,1752,
2018-02-06,2849,21,5,1755,
2018-02-07,2979,20,10,1772,
2018-02-08,2990,27,17,1770,
2018-02-09,3202,25,18,1750,
2018-02-10,3335,35,24,1765,
2018-02-11,2983,25,13,1746,
2018-02-12,3102,26,8,1759,
2018-02-13,3100,24,20,1735,
2018-02-14,2751,31,19,1737,
2018-02-15,2776,15,9,1729,
2018-02-16,2839,23,11,1745,
2018-02-17,2866,24,19,1746,
2018-02-18,2829,25,19,1764,
2018-02-19,2634,17,13,1771,
2018-02-20,2890,20,21,1773,
2018-02-21,2690,21,14,1769,
2018-02-22,2621,18,12,1781,
2018-02-23,2560,22,14,1793,
2018-02-24,2621,27,11,1798,
2018-02-25,2648,21,13,1794,
2018-02-26,2753,18,10,1792,
2018-02-27,2686,24,15,1798,
2018-02-28,2761,16,11,1815,
2018-03-01,2873,33,19,1819,
2018-03-02,2964,16,11,1816,
2018-03-03,2917,28,17,1825,
2018-03-04,2838,27,9,1822,
2018-03-05,2817,15,13,1835,
2018-03-06,2747,14,10,1850,
2018-03-07,2909,15,11,1843,
2018-03-08,2884,15,10,1844,
2018-03-09,2743,11,6,1865,
2018-03-10,2913,12,8,1867,
2018-03-11,2849,20,11,1854,
2018-03-12,2976,13,16,1841,
2018-03-13,3025,16,13,1849,
2018-03-14,2677,10,8,1859,
2018-03-15,2880,12,9,1859,
2018-03-16,2918,19,10,1866,
2018-03-17,2800,22,12,1866,
2018-03-18,2801,10,10,1843,
2018-03-19,2752,19,12,1845,
2018-03-20,2741,11,10,1839,
2018-03-21,2936,14,8,1845,
2018-03-22,2701,15,15,1835,
2018-03-23,2784,12,11,1813,
2018-03-24,2750,15,8,1830,
2018-03-25,2616,14,7,1839,
2018-03-26,2928,16,14,1831,
2018-03-27,2958,14,11,1832,
2018-03-28,2904,12,12,1825,
2018-03-29,3012,9,5,1849,
2018-03-30,2874,9,8,1836,
2018-03-31,2734,13,9,1825,
2018-04-01,2881,15,10,1809,
2018-04-02,3188,22,10,1809,
2018-04-03,3652,16,14,1817,
2018-04-04,3063,22,16,1814,
2018-04-05,2966,23,10,1804,
2018-04-06,2816,12,6,1840,
2018-04-07,2825,14,11,1832,
2018-04-08,2898,10,4,1828,
2018-04-09,2809,8,7,1819,
2018-04-10,3014,20,13,1829,
2018-04-11,2921,11,13,1835,
2018-04-12,2761,13,5,1831,
2018-04-13,2843,12,10,1836,
2018-04-14,2553,15,9,1837,
2018-04-15,2839,20,13,1831,
2018-04-16,2871,15,10,1851,
2018-04-17,2801,8,8,1831,
2018-04-18,2724,16,11,1810,
2018-04-19,2510,18,16,1805,
2018-04-20,2614,12,8,1804,
2018-04-21,2697,16,10,1818,
2018-04-22,2566,14,6,1840,
2018-04-23,2668,13,11,1850,
2018-04-24,2779,12,12,1841,
2018-04-25,2721,9,7,1847,
2018-04-26,2622,6,5,1849,
2018-04-27,2657,9,9,1864,
2018-04-28,2844,12,14,1852,
2018-04-29,2902,9,6,1853,
2018-04-30,2854,22,13,1870,
2018-05-01,2792,8,9,1867,
2018-05-02,2467,9,6,1872,
2018-05-03,2421,7,10,1879,
2018-05-04,2446,10,8,1876,
2018-05-05,2570,12,8,1871,
2018-05-06,2513,8,9,1868,
2018-05-07,2647,15,12,1867,
2018-05-08,2681,12,9,1869,
2018-05-09,2831,9,7,1856,
2018-05-10,2786,7,6,1861,
2018-05-11,2655,11,5,1846,
2018-05-12,2450,10,6,1837,
2018-05-13,2871,14,8,1838,
2018-05-14,2812,14,11,1838,
2018-05-15,2695,11,5,1845,
2018-05-16,2722,9,9,1856,
2018-05-17,2289,8,5,1849,
2018-05-18,2501,8,4,1860,
2018-05-19,2577,10,8,1863,
2018-05-20,2531,15,8,1863,
2018-05-21,2810,15,10,1859,
2018-05-22,2603,8,8,1846,
2018-05-23,2627,7,11,1846,
2018-05-24,2686,16,10,1845,
2018-05-25,2628,12,8,1850,
2018-05-26,2633,11,8,1858,
2018-05-27,2375,6,3,1847,
2018-05-28,2526,5,5,1830,
2018-05-29,2528,12,13,1810,
2018-05-30,2591,12,10,1810,
2018-05-31,2492,8,5,1791,
2018-06-01,2424,13,13,1793,
2018-06-02,2462,11,5,1812,
2018-06-03,2617,8,5,1816,
2018-06-04,2518,11,10,1807,
2018-06-05,2575,10,8,1802,
2018-06-06,2641,17,11,1816,
2018-06-07,2447,6,10,1828,
2018-06-08,2507,5,8,1803,
2018-06-09,2549,11,12,1813,
2018-06-10,2507,13,9,1818,
2018-06-11,2675,14,13,1831,
2018-06-12,2460,14,9,1830,
2018-06-13,2624,12,4,1818,
2018-06-14,2347,15,13,1811,
2018-06-15,2235,8,8,1805,
2018-06-16,2321,6,9,1806,
2018-06-17,2254,13,6,1775,
2018-06-18,2579,11,8,1787,
2018-06-19,2636,8,7,1772,
2018-06-20,2305,8,6,1785,
2018-06-21,2374,10,5,1804,
2018-06-22,2239,12,7,1817,
2018-06-23,2277,12,7,1808,
2018-06-24,2446,8,6,1800,
2018-06-25,2502,10,8,1788,
2018-06-26,2340,9,8,1786,
2018-06-27,2429,9,5,1787,
2018-06-28,2428,11,6,1761,
2018-06-29,2589,14,9,1740,
2018-06-30,2301,11,7,1745,
2018-07-01,2503,12,7,1814,
2018-07-02,2670,13,7,1804,
2018-07-03,2442,9,4,1765,
2018-07-04,2395,14,7,1759,
2018-07-05,2347,14,5,1754,
2018-07-06,2341,8,9,1739,
2018-07-07,2355,18,16,1754,
2018-07-08,2424,13,9,1708,
2018-07-09,2563,14,5,1697,
2018-07-10,2696,18,10,1690,
2018-07-11,2586,15,11,1676,
2018-07-12,2377,8,3,1664,
2018-07-13,2444,9,3,1669,
2018-07-14,2404,5,2,1656,
2018-07-15,2316,11,10,1665,
2018-07-16,2809,10,5,1674,
2018-07-17,2827,12,9,1679,
2018-07-18,2732,13,7,1664,
2018-07-19,2766,12,13,1700,
2018-07-20,2740,10,9,1683,
2018-07-21,2523,18,12,1671,
2018-07-22,2586,14,14,1681,
2018-07-23,2933,13,6,1662,
2018-07-24,2669,10,8,1663,
2018-07-25,2713,14,12,1671,
2018-07-26,2754,9,8,1680,
2018-07-27,2634,9,11,1666,
2018-07-28,2806,13,6,1692,
2018-07-29,2766,17,20,1667,
2018-07-30,3346,11,4,1681,
2018-07-31,2964,13,5,1722,
2018-08-01,3003,23,16,1746,
2018-08-02,3113,23,11,1725,
2018-08-03,2797,21,8,1736,
2018-08-04,2728,10,8,1730,
2018-08-05,2920,12,13,1721,
2018-08-06,2999,10,7,1731,
2018-08-07,3188,20,15,1738,
2018-08-08,3073,10,9,1727,
2018-08-09,3138,19,9,1719,
2018-08-10,2847,9,13,1734,
2018-08-11,2662,12,6,1733,
2018-08-12,2874,10,9,1752,
2018-08-13,3107,15,12,1774,
2018-08-14,3155,11,15,1769,
2018-08-15,2880,11,9,1755,
2018-08-16,3143,18,12,1751,
2018-08-17,3264,24,13,1751,
2018-08-18,3431,15,13,1736,
2018-08-19,3159,15,14,1756,
2018-08-20,3414,13,13,1744,
2018-08-21,3482,20,13,1748,
2018-08-22,3186,7,7,1742,
2018-08-23,2994,16,11,1756,
2018-08-24,2741,15,9,1758,
2018-08-25,2661,14,9,1774,
2018-08-26,2664,7,10,1777,
2018-08-27,2867,14,6,1756,
2018-08-28,2809,14,9,1780,
2018-08-29,2754,10,7,1792,
2018-08-30,2717,12,13,1786,
2018-08-31,2908,13,13,1768,
2018-09-01,3412,7,7,1775,
2018-09-02,3150,10,6,1776,
2018-09-03,2962,11,9,1788,
2018-09-04,2718,12,11,1808,
2018-09-05,2697,15,9,1815,
2018-09-06,2718,12,11,1806,
2018-09-07,2814,14,9,1797,
2018-09-08,2906,16,18,1803,
2018-09-09,3124,15,18,1804,
2018-09-10,3014,16,8,1811,
2018-09-11,3010,6,9,1823,
2018-09-12,2927,8,11,1823,
2018-09-13,2982,12,10,1829,
2018-09-14,3425,14,19,1836,
2018-09-15,3360,25,19,1849,
2018-09-16,3011,19,13,1845,
2018-09-17,2579,12,9,1873,
2018-09-18,2550,8,7,1875,
2018-09-19,2618,15,11,1873,
2018-09-20,2920,20,15,1870,
2018-09-21,2602,16,13,1859,
2018-09-22,2753,20,15,1875,
2018-09-23,2895,13,13,1867,
2018-09-24,2645,9,3,1860,
2018-09-25,2728,6,7,1854,
2018-09-26,2547,12,9,1869,
2018-09-27,2214,8,6,1854,
2018-09-28,2079,13,8,1864,
2018-09-29,2130,11,6,1869,
2018-09-30,2141,11,12,1866,
2018-10-01,1860,8,9,1848,
2018-10-02,1680,12,5,1872,
2018-10-03,1799,15,17,1905,
2018-10-04,1593,12,11,1879,
2018-10-05,1616,10,9,1885,
2018-10-06,1881,15,9,1885,
2018-10-07,1927,16,11,1846,
2018-10-08,1753,12,10,1867,
2018-10-09,1754,12,12,1878,
2018-10-10,1803,13,9,1860,
2018-10-11,1755,8,5,1863,
2018-10-12,1676,10,4,1856,
2018-10-13,1956,6,10,1859,
2018-10-14,2013,6,6,1844,
2018-10-15,1890,7,8,1852,
2018-10-16,1900,12,13,1850,
2018-10-17,1900,9,5,1829,
2018-10-18,1869,10,9,1843,
2018-10-19,1769,10,11,1846,
2018-10-20,2000,6,6,1846,
2018-10-21,2051,6,6,1846,
2018-10-22,1893,7,7,1838,
2018-10-23,2070,14,9,1851,
2018-10-24,1902,7,2,1866,
2018-10-25,1928,14,11,1874,
2018-10-26,1894,10,10,1864,
2018-10-27,2037,11,11,1859,
2018-10-28,2216,15,11,1859,
2018-10-29,2363,11,7,1873,
2018-10-30,2150,12,11,1873,
2018-10-31,2200,10,9,1868,
